month,year,ninety,seventyf,mean,twentyf,ten,count
1,1906,1.1,-1.675,-7.75,-10.55,-13.35,31
1,1978,-5,-6.675,-13.05,-21.4,-26.1,31
1,1975,-4.15,-6.55,-10.85,-13.725,-17.2,31
1,1937,-9.45,-15.95,-22.25,-23.475,-26.4,31
1,1904,-0.55,-3.625,-6.65,-8.35,-13.9,31
1,1940,0,-2.925,-9.45,-15.275,-20,31
1,1966,-2.75,-4.425,-10.85,-16.225,-21.65,31
1,1933,-3.05,-3.775,-4.7,-7.475,-10,31
1,1960,-1.4,-7.5,-10.8,-14.025,-15.85,31
1,1961,-0.3,-1.775,-5.25,-8.325,-11.1,31
1,2004,0,-1.5,-5.5,-18.25,-26.75,31
1,1922,-5,-6.65,-8.6,-11.975,-18.85,31
1,1888,1.65,1.65,1.65,1.65,1.65,1
1,1911,-3.35,-6.225,-11.1,-22.8,-36.1,31
1,2006,-0.5,-2.375,-4.5,-6.5,-7.5,31
1,1917,-2.8,-5.55,-7.75,-14.175,-21.7,31
1,2011,-12.5,-12.5,-12.5,-12.5,-12.5,1
1,1902,-0.55,-1.975,-6.65,-11.15,-19.45,31
1,1972,-7.5,-12.25,-15,-20.825,-27.75,31
1,1996,-0.275003,-6.8125,-16.125,-20.9375,-24.5,30
1,1946,-3.6,-4.45,-6.65,-10.425,-13.3,31
1,1967,-1.95,-4.025,-6.7,-9.575,-15,31
1,1894,-0.25,-5.275,-8.3,-14,-18.05,31
1,2001,-0.825003,-2.3125,-4.625,-6.5625,-7.5,30
1,1990,-1.25,-3.625,-6.5,-9,-14,31
1,1986,0.25,-0.5,-2.25,-7,-8,31
1,2005,2.25,1.25,-5.5,-19.375,-24,31
1,1907,-13.225,-19.0375,-21.675,-24.3125,-27.53,18
1,1949,-5.69,-8.625,-12.65,-21.45,-25,30
1,1962,2.25,-0.825,-6.4,-15.825,-21.65,31
1,1909,-2.2,-6.275,-10.6,-25.4,-30.55,31
1,1931,1.1,-1.1,-3.9,-5.4,-6.15,31
1,2008,-3.35,-4.375,-10.5,-12.75,-14,23
1,1899,0.85,-0.25,-3.9,-13.75,-21.7,31
1,1977,-2.8,-4.15,-6.4,-10.575,-15,31
1,1953,-1.9,-4.3,-7.75,-12.65,-21.4,31
1,1901,0,-3.35,-7.75,-14.45,-23.9,31
1,1895,-2.5,-3.9,-9.45,-15,-18.05,31
1,1890,-1.58,-2.75,-4.2,-5.85,-6,5
1,1968,2.8,-0.575,-9.75,-16.8,-21.4,31
1,1947,-1.95,-3.9,-7.2,-13.775,-23.35,31
1,1948,1.65,-2.925,-5,-8.475,-10.85,31
1,1965,0.25,-2.775,-9.45,-12.375,-21.95,31
1,2000,-3.75,-5.375,-9.25,-12.75,-15.25,31
1,1930,-8.05,-14,-20,-22.65,-26.1,31
1,2010,0.199997,-1.3125,-3.25,-7.375,-12.25,30
1,2002,-0.25,-3.875,-6.75,-9.625,-14,31
1,1992,0,-1.375,-3.5,-5.875,-7.25,31
1,1898,-2.5,-3.05,-5.6,-7.65,-9.45,31
1,1957,-10,-11.825,-18.9,-21.95,-25.55,31
1,1913,-2.25,-5.55,-10.85,-21.65,-26.1,31
1,1925,-3.6,-5.525,-7.5,-10,-11.4,31
1,1997,-1,-3,-6.25,-11.875,-16.5,31
1,2003,0,-0.875,-2.75,-6.375,-10.5,31
1,1989,-2.75,-4.375,-8,-11.625,-18,31
1,1893,1.95,0.125,-5,-15.95,-30.55,31
1,1971,0.25,-3.325,-8.05,-13.45,-24.75,31
1,1916,-13.35,-18.05,-23.9,-28.175,-30,31
1,1993,-2.25,-5,-12.5,-19.375,-22.25,31
1,1928,1.1,-0.95,-6.65,-9.45,-12.25,31
1,1892,-1.62,-5.55,-7.625,-11,-19.97,30
1,1923,-4.45,-6.775,-8.3,-13.325,-18.05,31
1,1964,-2.75,-5.4,-6.65,-8.75,-11.4,31
1,1942,3.35,0.95,-3.35,-8.475,-20.55,31
1,1889,-0.495001,-4,-5.55,-10.25,-13.485,30
1,1912,0.55,-3.475,-5.3,-18.175,-22.75,31
1,1980,-2.75,-5.5,-11,-20.125,-24,31
1,1905,-1.7,-3.625,-8.3,-13.9,-18.35,31
1,1891,0.85,-1.1,-3.05,-6.1,-8.35,31
1,1910,-2.5,-4.425,-8.85,-10.7,-14.45,31
1,1932,-5,-6.525,-7.8,-10.425,-25.55,31
1,1927,-3.05,-6.675,-8.3,-14.575,-21.1,31
1,1998,-0.5,-2.5,-4.5,-16,-23,31
1,1926,-1.65,-2.5,-3.65,-4.85,-7.5,31
1,1939,0,-1.8,-4.7,-10.825,-14.45,31
1,1915,-2.2,-3.35,-6.65,-10.575,-12.2,31
1,1987,-0.75,-3,-5.5,-8.375,-11.25,31
1,1955,-1.35,-4.025,-7.5,-9.15,-12.2,31
1,1956,-3.6,-5.825,-9.45,-14.45,-18.6,31
1,1981,2.75,-0.5,-3,-4.375,-6.25,31
1,1929,-3.3,-4.725,-11.7,-20.525,-26.95,31
1,1969,-11.65,-14.3,-22.5,-26.375,-30,31
1,1941,0.8,-1.8,-3.35,-10.7,-16.65,31
1,1908,-1.95,-3.35,-5.55,-7.775,-14.15,31
1,1958,-0.25,-1.25,-3.9,-5.975,-6.95,31
1,1944,1.95,-2.925,-6.35,-9.725,-12.8,31
1,1976,-0.8,-2.5,-4.2,-8.3,-11.1,31
1,1991,-2.5,-3.75,-9,-18.5,-26.5,31
1,1934,1.65,-3.35,-6.65,-7.8,-8.6,31
1,1900,-0.55,-2.075,-4.45,-6.95,-9.4,31
1,1919,-0.3,-2.625,-4.45,-6.8,-7.75,31
1,1974,-2.5,-6.1,-10.85,-18.05,-19.45,31
1,1903,-1.65,-3.35,-6.1,-10.3,-12.8,31
1,1985,-1,-2.875,-6.75,-8.75,-13.25,31
1,1984,0.75,-0.75,-3.25,-9.75,-16.5,31
1,1921,-3.05,-4.725,-7.5,-9.725,-11.7,31
1,2007,-0.75,-5.25,-7.5,-9.5,-13,31
1,1954,-3.65,-7.2,-12.75,-25.125,-26.4,31
1,1994,0.25,-1.25,-4,-6.25,-10.5,31
1,1983,-0.75,-1.75,-4.5,-6.25,-7.25,31
1,1988,-2.25,-4.625,-8,-16.375,-19,31
1,1959,-2.5,-3.875,-6.95,-11.8,-23.6,31
1,1945,-1.15,-2.5,-3.6,-9.175,-14.15,31
1,1897,-1.65,-2.65,-5.25,-8.9,-18.9,31
1,1896,0.55,-1.925,-6.65,-18.175,-24.45,31
1,1918,-1.4,-2.075,-7.2,-10.275,-16.95,31
1,2009,-1.25,-3.5,-5.75,-10.25,-20.5,31
1,1952,-3.05,-5.825,-9.45,-12.9,-25.3,31
1,1924,0.3,-0.825,-3.6,-7.775,-14.75,31
1,1943,-1.15,-6.525,-11.7,-26.675,-33.35,31
1,1938,-1.1,-1.8,-3.05,-6.1,-15.55,31
1,1982,-2.75,-4.375,-12.25,-18.75,-23.25,31
1,1935,3.65,-4.025,-11.4,-17.35,-28.85,31
1,1914,-0.8,-3.9,-8.05,-12.375,-17.5,31
1,1995,-1,-2.625,-4.75,-10.5,-16,31
1,1920,0,-3.6,-6.95,-14.85,-20.55,31
1,1973,-0.3,-2.1,-6.4,-17.65,-24.45,31
1,1999,-2,-3.75,-5.5,-8.25,-10.5,31
1,1970,-2.8,-4.725,-8.9,-15,-19.7,31
1,1936,0.25,-4.85,-12.25,-17.475,-18.85,31
1,1963,-1.7,-5.85,-13.6,-17.9,-21.1,31
2,2000,-1.9,-3,-5.25,-8.5,-13.55,29
2,1991,2.15,1,-0.625,-3.375,-6.125,28
2,1942,-4.34,-4.7375,-6.925,-9.175,-15.97,28
2,2004,-0.95,-1.75,-2.5,-4.5,-9.6,29
2,1923,1.175,-1.3,-3.2,-9.3125,-19.915,28
2,1888,1.44,-0.8375,-2.525,-5.3,-8.725,28
2,1915,-0.835,-2.25,-4.275,-5.0625,-7.365,28
2,1899,0.714999,-3.4875,-7.925,-15.5125,-23.26,28
2,1901,1.98,-0.275,-6.65,-13.075,-16.85,28
2,1924,1.27,-0.55,-3.3,-5,-6.95,29
2,1955,-2.5,-4.4875,-7.775,-12.9375,-18.7,28
2,1960,-2.17,-3.85,-6.65,-9.75,-15.6,29
2,1973,1.28,0.0625,-4.85,-9.2625,-11.775,28
2,1961,-0.265001,-2.4375,-4.85,-7.575,-10.75,28
2,1941,2.29,-1.0125,-3.75,-7.0875,-13.79,28
2,1900,-0.945001,-2.2,-3.625,-7.8875,-17.8,28
2,1903,0.165,-2.6625,-5,-9.0375,-11.665,28
2,1908,-1.64,-4.7,-7.25,-9.2,-11.16,29
2,1995,0.299999,-0.9375,-4.25,-12.375,-14.325,28
2,1993,2,-0.5625,-5,-12.75,-16.15,28
2,2007,-0.525001,-2.875,-4.75,-7.8125,-9,28
2,2003,-1.6,-3.1875,-4.5,-5.75,-8.825,28
2,1974,-2.035,-2.725,-4.575,-7.2125,-9.615,28
2,1892,0.55,0.55,0.55,0.55,0.55,1
2,1919,-2.97,-6.1,-8.9,-14.3625,-20.66,28
2,2010,0.625,-0.75,-3.125,-4.375,-6.125,26
2,1945,-1.575,-2.5,-5.975,-9.1125,-13.3,28
2,1978,2.875,-1.1375,-4.725,-8.8625,-11.28,28
2,1921,1.4,0,-4.3,-10.55,-12.205,28
2,1906,0.165,-1.7,-3.9,-7.2,-7.765,28
2,1982,-1.95,-4,-8.625,-11.3125,-16.15,28
2,1896,1.16,0.25,-4.15,-7.25,-9.32,29
2,1983,1.4,-0.4375,-3.125,-4.75,-8.075,28
2,1962,-1.52,-3.5375,-8.75,-14.1,-17.2,28
2,2009,-1.65,-3.625,-7.5,-10.625,-14.6,27
2,1985,-0.700001,-2.5625,-5.625,-13,-16.875,28
2,1984,0.0499997,-0.5,-2.5,-5.75,-6.5,29
2,1981,1.325,-0.3125,-2.625,-8,-9.275,28
2,2011,-2.375,-3.75,-11.5,-15.25,-20.25,26
2,1929,-2.72,-4.5875,-6.825,-14.9125,-17.445,28
2,1958,1.665,-0.4125,-3.175,-6.9375,-10.73,28
2,1898,1.44,-0.55,-1.95,-5.35,-10.31,28
2,1922,-3.435,-6.925,-11.25,-17.15,-22.235,28
2,1930,0.804999,-0.4875,-5.55,-8.7375,-12.665,28
2,1928,0.35,-1.95,-4.7,-7.5,-9.73,29
2,1946,-0.595001,-1.625,-3.725,-7.275,-10.675,28
2,1954,4.405,2.9,-4.325,-7.775,-13.975,28
2,1920,-1.89,-3.35,-5.25,-5.8,-9.2,29
2,1895,1.475,-1.375,-3.625,-7.5625,-9.14,28
2,1931,0,-1.95,-3.625,-5.0625,-6.52,28
2,1894,0.265,-1.8125,-5.55,-10.675,-16.4,28
2,1917,0.925,-0.9625,-7.05,-16.8,-20.715,28
2,1948,-3.84,-5.25,-7.75,-11.95,-16.31,29
2,1988,0.599999,-1,-3.5,-6.25,-11.1,29
2,1965,-0.220001,-4.5625,-8.025,-10,-12.38,28
2,1992,3.85,0.25,-1.75,-4.25,-8.8,29
2,1918,-2.335,-3.625,-6.4,-13.5375,-17.875,28
2,1937,-3.05,-4.075,-9.45,-16.6625,-21.19,28
2,1963,3.055,1.825,-0.125,-1.8,-3.93,28
2,1889,1.53,-0.1625,-4.85,-13.55,-17.875,28
2,1933,-2.05,-3.05,-3.75,-13.8125,-21.49,28
2,1987,1.15,-0.4375,-3,-6.5625,-8.325,28
2,1952,-1.73,-5.25,-6.4,-11.1,-13.57,29
2,1970,0.25,-0.3,-1.65,-6.3125,-7.995,28
2,1904,-3.78,-7.8,-11.15,-18.85,-22.91,29
2,1912,-1,-1.7,-3.35,-6.1,-8.98,29
2,1989,-2.375,-7.9375,-9.625,-15.3125,-20.4,28
2,1986,2.075,-2.1875,-10.625,-14.6875,-20.825,28
2,1980,1.25,-0.25,-3.25,-5.5,-10.25,29
2,1947,2.755,0.65,-5.275,-6.95,-7.965,28
2,1938,4.915,0.3875,-10.575,-15,-16.175,28
2,1926,1.44,-0.2375,-2.5,-4.875,-7.025,28
2,1976,-1.62,-3.9,-5.55,-8.35,-12.34,29
2,1959,-0.470001,-2.2375,-6.4,-12.225,-17.745,28
2,1956,-2.79,-5.55,-9.45,-14.45,-16.12,29
2,1998,0.5,-0.4375,-1.75,-3.75,-7.875,28
2,1932,3.7,1.1,-10.25,-11.65,-12.76,29
2,1934,0.879999,-0.5875,-2.5,-5.9125,-9.055,28
2,1893,-0.385,-2.075,-8.475,-15.0375,-29.95,28
2,1897,-2.245,-2.9875,-5.15,-10.3,-11.52,28
2,1913,0.375,-5.7625,-8.875,-15.3375,-17.75,28
2,1997,-0.6,-1.9375,-4,-6.625,-8.5,28
2,1890,-2.53,-3.75,-5.55,-7.725,-10.265,14
2,1957,-1.275,-4.5375,-7.35,-16.1125,-19.055,28
2,1910,-2.785,-5.8375,-9.725,-13.4,-20.675,28
2,2002,-2,-3.375,-6,-8.0625,-10.725,28
2,2006,-2.55,-5.875,-7.625,-10.75,-14.225,28
2,1994,-1.525,-4.125,-10.375,-16.0625,-19.025,28
2,1909,-1.31,-3.6375,-6.1,-9.95,-18.365,28
2,1977,4.24,1.35,-1.825,-3.7125,-5,28
2,1936,-3.68,-14.7,-20,-23.65,-28.96,29
2,1999,-2.175,-2.9375,-4.75,-7,-9.075,28
2,1953,-1.4,-3.0875,-4.875,-7.1125,-9.065,28
2,1966,-1.695,-2.9875,-4.85,-8.8125,-10.88,28
2,1891,-8.27,-9.925,-15,-18.45,-23.14,28
2,1964,-0.49,-3.1,-4.75,-6.7,-7.96,29
2,1935,-0.220001,-2.4375,-4.175,-6.0875,-11.63,28
2,1925,0,-1.65,-4.175,-8.7,-10.165,28
2,1943,3.215,0.275,-3.75,-7.275,-11.05,28
2,1905,2.2,0.4125,-5.275,-9.175,-14.89,28
2,1990,-0.525001,-2.5,-5.375,-11.5625,-18.375,28
2,1971,0.704999,-1.3375,-4.725,-11.4,-14.275,28
2,2005,1.725,-0.5625,-4.75,-8,-9.65,28
2,2008,-0.0500002,-0.5,-2.75,-6.5,-7.8,13
2,1975,-2.885,-6.5125,-12.625,-18.975,-21.105,28
2,1969,-2.585,-4.075,-6.775,-8.7125,-9.78,28
2,2001,-2.925,-5.25,-8.25,-11.6875,-15.3,28
2,1967,-0.76,-3.2,-5.275,-7.6375,-9.405,28
2,1902,1.85,-0.4125,-1.95,-4.5875,-5.55,28
2,1911,-2.96,-5.3,-7.625,-9.85,-11.775,28
2,1972,-2.19,-4.45,-6.4,-14.45,-17.42,29
2,1916,2,0.55,-2.5,-18.05,-21.01,29
2,1940,-4.64,-5.8,-7.2,-8.6,-10.35,29
2,1944,-3.88,-5.25,-8.85,-10.85,-13.62,29
2,1968,4.27,1.4,-1.1,-4.15,-6.8,29
2,1914,-1.395,-2.1375,-4.05,-6.65,-14.185,28
2,1939,-1.95,-2.5,-6.65,-12.2,-21.94,28
2,1927,-1.145,-2.775,-5.4,-7.275,-12.765,28
3,2006,0.25,-2.125,-3.5,-6.25,-10,31
3,1956,-1.1,-2.5,-4.7,-7.65,-11.7,31
3,1915,4.15,2.65,0.85,-1.225,-3.3,31
3,1955,0.85,-1.925,-6.4,-13.75,-23.35,31
3,1923,1.95,-0.7,-3.05,-5.825,-10.3,31
3,1941,5.85,2.925,0.85,-1.125,-3.6,31
3,1962,0.85,-0.975,-3.9,-8.75,-13.35,31
3,1901,2.25,0.275,-1.65,-3.05,-4.45,31
3,1924,-0.3,-1.375,-3.3,-5.525,-7.25,31
3,1895,1.95,1.225,-1.1,-3.45,-6.7,31
3,1912,4.15,0.825,-4.45,-6.925,-9.45,31
3,1930,3.6,1.4,-3.6,-7.775,-11.4,31
3,1976,0.55,-0.275,-2.5,-4.15,-8.35,31
3,1968,2.8,0.125,-1.4,-3.6,-5.55,31
3,2010,2.95,1.75,0.25,-1.75,-5.3,29
3,2000,0.549999,-0.5,-2.5,-4.375,-6.825,30
3,2002,-1.5,-2.625,-5.75,-17.375,-21.25,31
3,1897,-0.3,-3.45,-5.85,-12.225,-17.5,31
3,2008,-1.075,-2.125,-5.875,-7.125,-9.175,14
3,1898,-0.3,-1.4,-3.9,-6.5,-15.55,31
3,1987,2.5,0.875,0,-1.625,-3,31
3,1889,5,3.2,1.4,-1.375,-3.05,31
3,1971,-3.05,-3.9,-5.55,-8.325,-10.55,31
3,1900,6.1,4.15,0.55,-2.225,-8.85,31
3,2011,0.5,-0.5,-2.25,-5.625,-8,31
3,1935,-1.7,-4.725,-7.8,-12.65,-15.55,31
3,2009,-1,-4,-6.5,-8.5,-15.5,31
3,1910,5,4.3,0.8,-4.175,-5.3,31
3,1946,-0.25,-1.25,-3.35,-4.85,-8.35,31
3,1926,3.05,1.375,-0.55,-2.5,-3.6,31
3,1988,0.75,-0.125,-2.5,-4.75,-6,31
3,1961,2.8,1.1,0,-5.575,-10.55,31
3,1908,0,-1.4,-4.2,-9.15,-11.9,31
3,1952,-0.3,-2.1,-5,-6.525,-8.3,31
3,1960,5,1.8,-1.7,-6.25,-10.3,31
3,1995,2.5,1.75,0.5,-4.875,-12.25,31
3,1973,-0.55,-1.525,-2.8,-3.6,-5.8,31
3,1979,-6.5,-6.5,-6.5,-6.5,-6.5,1
3,1922,-0.55,-1.825,-3.9,-6.925,-9.45,31
3,1917,-3.35,-4.175,-6.1,-7.625,-9.45,31
3,1909,1.65,0,-1.65,-4.575,-6.95,31
3,1918,1.95,0.975,-1.95,-4.05,-8.05,31
3,1932,-0.85,-1.8,-2.5,-6.8,-11.4,31
3,2004,2,0.125,-2,-3.875,-5.5,31
3,1903,0.55,-1.375,-7.2,-10.55,-12.8,31
3,1966,3.9,1.4,-0.85,-5.55,-8.35,31
3,1934,3.05,0.25,-2.25,-5,-6.1,31
3,1904,-1.1,-2.25,-5.55,-9.175,-11.15,31
3,1999,2.25,-1.25,-3.5,-4.75,-7.25,31
3,1993,2.25,0.25,-2.75,-4.375,-7.75,31
3,1965,-1.8,-2.675,-13.05,-15.825,-16.83,15
3,1890,0.0549992,-0.5,-2.925,-3.6,-4.48,30
3,1899,-1.4,-2.525,-6.95,-9.45,-10.55,31
3,1929,1.9,0.425,-1.15,-4.7,-7.75,31
3,1981,2.5,1.375,-0.5,-2,-2.5,31
3,1948,-1.7,-3.75,-5.8,-7.75,-11.35,31
3,1937,0.25,-0.425,-1.4,-3.2,-4.4,31
3,1913,1.4,-1.375,-3.9,-13.05,-16.95,31
3,1905,3.9,2.8,1.1,-1.15,-2.8,31
3,2001,0.25,-1.125,-3,-5.125,-7,31
3,1943,-0.55,-4.45,-7.5,-12.075,-16.15,31
3,1894,1.9,0.675,-2.8,-5.15,-8.35,31
3,1997,2,-1.625,-3.25,-8,-10.25,31
3,1933,0.25,-0.425,-2.25,-5,-7.5,31
3,1989,-0.25,-1.75,-2.75,-7,-11.5,31
3,1963,-0.25,-2.075,-3.35,-4.85,-6.7,31
3,1893,0.55,0.3,-2.5,-3.3,-4.7,31
3,1891,1.65,-1.675,-3.85,-7.25,-12.8,31
3,1972,3.9,2.225,-1.1,-3.9,-8.05,31
3,1945,0.25,-0.975,-3.35,-5.3,-9.45,31
3,1977,-0.25,-2.225,-4.15,-5.15,-8.9,31
3,1986,2.5,2.125,0.25,-1.5,-2.25,31
3,1942,-0.55,-2.375,-3.9,-8.2,-10.55,31
3,1953,2.5,-1.375,-3.6,-5.3,-6.1,31
3,1954,-2.5,-4.3,-6.35,-8.225,-10.85,31
3,1992,4.75,3.375,1.75,0,-1.75,31
3,1970,0.8,-0.95,-2.5,-3.875,-5,31
3,1991,-0.25,-1.875,-4.5,-8.5,-12.25,31
3,1907,-1.7,-3.625,-6.65,-8.05,-9.67,23
3,2007,3.3,2,-1,-4,-8.65,29
3,1914,1.1,-0.25,-2.2,-4.875,-8.35,31
3,1936,0.25,-1.125,-4.45,-11.25,-16.95,31
3,1978,3.1,0.975,-1.1,-3.775,-6.1,31
3,1888,1.89,-0.8,-2.25,-4.2,-5.32,17
3,1911,2.5,0.975,-1.65,-3.2,-4.15,31
3,1919,0.85,-1.65,-4.2,-8.65,-11.95,31
3,1902,-0.55,-1.4,-3.35,-5.275,-7.8,31
3,1985,0.5,-1,-4.5,-5.75,-6.75,31
3,1994,4.25,2.5,-0.75,-3.375,-5.75,31
3,1998,2.5,0.8125,-1.25,-4.1875,-6.85,30
3,1927,-0.25,-1.4,-3.9,-5.55,-8.05,31
3,1984,2.25,1.375,0.5,-1,-5,31
3,1982,-1.25,-2.75,-4.75,-6.5,-7.75,31
3,1921,0.3,-1.4,-2.8,-7.65,-13.35,31
3,1967,-2.75,-3.725,-6.1,-8.9,-15,31
3,1939,6.1,-0.45,-3.9,-7.35,-11.65,31
3,1983,1.5,0.375,-1.25,-3.75,-6.75,31
3,1938,0.55,-1.525,-2.75,-3.9,-6.7,31
3,1980,-0.25,-2,-4.25,-6.875,-8,31
3,1947,4.45,1.8,-1.15,-4.85,-11.1,31
3,1957,1.1,-0.675,-3.35,-6.1,-7.5,31
3,1920,-0.3,-1.275,-3.05,-6.65,-9.45,31
3,2005,2.75,1.5,0.5,-3.625,-8.5,31
3,1916,3.35,1.25,-2.5,-5.425,-10,31
3,1931,3.35,1.1,-3.9,-8.45,-10.55,31
3,1990,2.5,0.75,-1.25,-4.5,-7.75,31
3,1975,-1.95,-5,-7.5,-9.175,-10.55,31
3,1969,1.4,0.125,-2.2,-4.875,-6.9,31
3,1928,3.9,0.425,-1.65,-3.45,-4.45,31
3,1940,1.1,0.425,-0.25,-1.525,-1.95,31
3,2003,3.5,1.375,-2,-6.5,-14,31
3,1964,-0.25,-2.525,-6.1,-8.45,-10.85,31
3,1906,3.35,1.675,-1.65,-7.75,-13.85,31
3,1896,0.3,-1.1,-3.3,-7.35,-13.9,31
3,1974,2.25,0.425,-3.6,-7.925,-12.8,31
3,1925,-1.1,-1.675,-3.35,-5.725,-7.2,31
3,1892,3.6,2.35,-0.85,-2.925,-4.7,31
3,1958,1.65,-0.55,-3.3,-5.425,-6.4,31
3,1944,2.8,-0.725,-7.2,-10.4,-12.8,31
3,1959,0.55,-1.25,-2.5,-5.125,-7.75,31
4,1892,1.86,0.3,-2.25,-4.15,-5.42,29
4,1940,6.425,4.375,2.375,1.1125,0.295,30
4,1973,4.235,2.8,1.5,-0.9625,-2.825,30
4,1893,5.03,4.0875,-0.125,-1.6875,-2.88,30
4,1930,6.975,5.5375,3.475,0.6875,-0.635,30
4,1918,5.605,4.375,2.625,-0.125,-2.005,30
4,1995,4.025,3,1.25,-0.5,-1.775,30
4,1991,6.125,4.4375,2.5,0.75,-1.6,30
4,1954,0.904999,-1.5,-4.025,-8.2125,-10.14,30
4,1992,6.375,4.75,2.5,-0.4375,-4.125,30
4,1925,5.255,3.825,2.5,0.5625,-1.48,30
4,1943,7.825,4.2,2.65,0.9125,-0.325,30
4,1901,6.155,3.2125,-0.825,-2.2375,-3.35,30
4,1908,4.25,2.25,0.425,-1.5875,-4.18,30
4,1980,7.775,6.5,4.625,1.8125,-0.025,30
4,1919,5.195,3.05,2.225,-0.55,-1.7,30
4,1907,2.855,1.6875,-0.275,-2.2,-3.405,30
4,1988,6.55,4.5,2.25,-0.8125,-2.825,30
4,1979,7.725,7.125,5,2.375,1.775,12
4,2008,2.225,-0.0625,-2.625,-5.6875,-6.7,12
4,1966,3.39,2.25,-0.25,-3.6,-5.52,29
4,1928,4.8,2.0625,0.425,-2.2375,-5,30
4,2003,6.75,4.9375,3.375,-0.375,-3.525,30
4,1937,4.505,2.6875,1.65,0.3625,-0.575,30
4,1974,5.025,3.9,1.95,0.55,-0.58,30
4,1999,6.55,3.625,1.75,-1.6875,-3.575,30
4,1969,5.58,5.1875,3.05,1.65,0.72,30
4,1964,1.105,0.55,-1.125,-2.75,-4.705,30
4,1909,2.2,1.025,-1.525,-2.9875,-5,30
4,1932,4.155,3.6,3.05,-0.4125,-1.425,30
4,1981,6.05,2.9375,0.375,-2.5625,-5,30
4,1890,6.365,3.8875,-1.375,-5.2125,-8.88,30
4,1958,4.56,3.4625,1.1,-0.45,-1.68,30
4,2009,3.6,2,0.75,-1.25,-4.2,29
4,1955,3.73,1.3375,-1.65,-3.275,-5,30
4,1905,7.315,5.55,2.775,-0.275,-2.25,30
4,1894,5.665,3.875,0.675,-0.4875,-1.05,30
4,1990,4.775,4,2.125,0.625,-2.075,30
4,1942,4.235,1.6875,0.55,-1.1875,-3.43,30
4,2006,6,4.375,2,-0.5,-1.025,30
4,1888,5.9,4.45,3.325,-1.2625,-4.73,30
4,2007,4.15,2.6875,0.875,-1.0625,-3.375,28
4,1987,8.125,4.375,2.625,0.8125,-2.025,30
4,1994,6.325,4.25,3,1.875,-0.25,30
4,1983,6.05,4.9375,3.25,0,-2.8,30
4,1902,4.45,3.9,2.525,1.15,-0.775,30
4,1982,3.275,1.1875,-1.5,-4.25,-5.8,30
4,1911,3.965,2.1375,-0.55,-3.5625,-9.265,30
4,1934,13.35,12.175,7.075,1.45,0.495,30
4,1962,5.575,4.3625,1.4,0.325,-1.725,30
4,1938,6.355,4.375,3.475,2.8,1.1,30
4,2001,4.4,1.875,0,-1.1875,-2.475,30
4,1977,8.655,6.3,2.225,-0.8875,-2.825,30
4,1965,4.28,3.2375,1.65,-0.2875,-0.835,30
4,1976,8.245,5.4875,3.325,0.65,-0.575,30
4,1910,7.61,4.5875,2.35,-0.1625,-2.94,30
4,1952,7.09,4.2,1.375,-1.1,-5.63,30
4,1975,4.45,2.8,0.125,-2.625,-5,30
4,1916,5.88,3.9,2.625,-0.1875,-1.76,30
4,1953,3.46,2.125,0.025,-3.3875,-6.155,30
4,2000,4.05,3.25,2.125,-0.6875,-3.575,30
4,1935,3.885,2.4375,1.1,-4.175,-7.285,30
4,1896,4.505,3.275,1.65,-0.6375,-4.785,30
4,1900,8.68,7.25,4.6,2.375,0.55,30
4,1927,3.925,2.5,-0.55,-1.5875,-5.72,30
4,1941,10.55,9.6,6.25,4.1625,2.97,30
4,1957,6.95,1.95,0.825,-1.1,-2.09,30
4,1920,2.285,1.3875,-0.4,-2.6875,-6.185,30
4,1913,5.575,3.5375,1.675,-1.225,-2.53,30
4,1959,5.355,4.2,0.575,-0.7125,-2.835,30
4,1936,5.875,5.4875,2.35,0,-5.94,30
4,1967,2.005,0.8875,-0.825,-3.05,-3.93,30
4,1978,6.23,5,3.575,-0.3375,-2.285,30
4,1921,4.475,2.8,1.1,-1.1,-3.54,30
4,1929,4.205,2.0625,0.525,-3.4625,-7.61,30
4,1986,4.125,1.75,0,-1.25,-3.525,30
4,1933,4.2,2.9875,1.525,-0.8375,-3.05,30
4,2011,2.25,0.75,-2.125,-4.5,-5.25,30
4,1939,7.035,5.3,3.05,-0.475,-2.03,30
4,1903,3.955,1.9625,-0.275,-1.975,-4.615,30
4,2010,6.275,4.1875,1.875,-1.4375,-4.75,30
4,2005,8.15,4.5,1.5,-0.6875,-3.275,30
4,1924,4.775,2.2875,-0.975,-3.05,-4.225,30
4,1945,3.9,1.1375,0.25,-3.9,-5.22,30
4,1961,4.755,2.5,0.7,-1.325,-3.685,30
4,1899,4.775,2.1625,-0.275,-2.525,-5.575,30
4,1971,6.155,4.9375,3.2,-1.5125,-3.605,30
4,1956,6.51,3.4625,0.3,-1.225,-2.725,30
4,1960,5.86,3.95,1.5,0.55,-0.97,30
4,1889,7.8,6.35,2.925,0.2125,-0.635,30
4,1895,6.205,3.9,2.475,0.6125,-0.0549999,30
4,1931,10.055,6.1375,4.85,3.7125,2.175,30
4,1904,8.9,7.0625,5.55,2.8,-1.75,30
4,1989,6.525,5.25,2.875,-0.6875,-3.5,30
4,1997,4.15,2.4375,1.125,-2,-3.275,30
4,1891,4.73,3.7125,1.675,0.5625,-0.3,30
4,1926,11.68,8.4375,6.25,1.75,-7.26,30
4,1946,7.695,2.425,1.1,-1.4,-4.23,30
4,1897,7.935,6.075,3.75,2.375,1.015,30
4,1912,5.055,3.9,2.925,1.6,-0.0549999,30
4,1963,5,2.25,1.4,-0.4875,-1.905,30
4,2002,4.25,3,-0.5,-2,-3.35,30
4,1898,5.85,4.45,3.875,0.95,-0.55,30
4,1944,6.71,5.3,3.475,2.2125,1.4,30
4,1968,3.57,1.1,-1.225,-3.275,-5.085,30
4,1948,3.955,2.9125,-0.575,-6.0375,-9.505,30
4,1914,5.055,4.375,3.35,2.3125,1.585,30
4,1984,4.125,1.75,0.25,-1.1875,-1.825,30
4,1917,1.75,1.1,0,-0.85,-2.005,30
4,1922,5.63,2.9125,0.275,-1.625,-4.475,30
4,1985,5.275,3.375,0,-1.6875,-3,30
4,1923,7.005,2.6125,0.975,-0.55,-2.695,30
4,1993,3.8,3.4375,2,0.8125,-1.025,30
4,1972,3.08,1.9625,-2.775,-5.3,-6.155,30
4,1906,8.46,6.65,4.45,1.8375,-1.655,30
4,1970,2.555,1.65,0.25,-2.1375,-3.93,30
4,1915,6.455,6.1,5.275,3.9,1.615,30
4,1947,8.13,6.8875,4.6,0.3625,-2.36,30
4,2004,7.8,5.5,3.25,2,0.35,29
4,1998,7.5,5.375,1.5,-0.5,-1.55,30
5,1985,11.5,10.5,7.25,3.75,1.25,31
5,1921,9.7,8.9,6.4,3.2,2.2,31
5,1975,8.65,7.775,4.45,3.175,2.75,31
5,1984,5.75,4.75,4,2.625,1.75,31
5,1992,11.75,8.625,7,4,2.75,31
5,1888,16.65,10.825,7.25,4.725,2.5,31
5,1911,10,7.2,5.3,3.875,1.95,31
5,1970,8.05,6.4,4.45,2.775,2.25,31
5,1932,9.45,8.2,6.7,5.7,3.85,31
5,1890,11.1,9.175,7.25,5.7,4.2,31
5,1947,12.5,10.125,7.5,5.425,2.2,31
5,1943,5.25,2.35,1.1,0.25,-1.15,31
5,2008,9.3,6.875,5.25,3.625,1.975,20
5,2009,8.275,6.75,4.375,2.8125,2,30
5,1900,12.2,8.9,7.5,6.525,4.45,31
5,2002,8,6.625,4.25,1,-1.5,31
5,1962,6.65,5.55,4.75,3.05,-1.65,31
5,2003,10.5,8.125,4.5,0.875,-0.5,31
5,1976,9.46,7.75,6.1,4.15,3.35,29
5,1930,9.2,8.625,5.3,3.6,2.5,31
5,1912,11.1,9.875,7.2,5.55,4.75,31
5,1971,9.7,8.35,7.2,4.85,2.5,31
5,1923,10.25,7.65,5.85,5,4.45,31
5,1915,10.55,10,8.6,7.1,5.55,31
5,1931,8.65,8.35,6.35,4.7,3.9,31
5,1990,8.75,7.375,5.75,4.25,2.5,31
5,2006,11.5,10.5,7.5,4.75,1.5,31
5,1940,10.55,8.05,6.65,4.425,2.8,31
5,1906,11.1,9.725,9.4,7.75,4.45,31
5,1946,12.75,11.525,6.7,5.275,4.45,31
5,1895,10,7.925,6.65,4.875,3.05,31
5,1897,16.4,13.875,10.25,7.1,4.7,31
5,1933,6.65,6.275,5.3,4.7,4.2,31
5,1956,12.8,10.275,8.05,4.575,1.4,31
5,1898,14.15,11.4,8.65,7.075,5.3,31
5,1929,10.33,8.125,5.55,4.375,3.26,28
5,1944,10.85,9.725,7.5,5.425,3.9,31
5,1925,11.65,10.425,8.9,6.55,4.7,31
5,1941,8.65,6.95,5.55,3.75,1.65,31
5,1998,13.5,11.5,10.5,8.5,7.25,31
5,1954,7.8,6.825,5,4.15,3.05,31
5,2000,8,6,4.25,3.5,2.75,31
5,1924,11.1,10.125,8.35,4.6,2.8,31
5,1935,9.4,8.475,6.7,5,3.35,31
5,1987,10.75,8.75,5.75,4.25,2.75,31
5,1928,13.05,10.7,6.7,5.15,3.9,31
5,1968,9.15,6.95,5.3,3.625,1.15,31
5,2011,7.5,6.75,6,3,1.75,31
5,1964,8.6,6.825,4.15,1.65,0.3,31
5,2007,12.65,9.25,6.5,5.125,4.1,23
5,1955,7.75,4.025,2.25,1.1,0.3,31
5,1905,13.3,11.375,7.75,5.55,3.3,31
5,1942,9.45,7.925,6.1,4.15,2.5,31
5,1916,8.6,7.625,5.85,2.8,1.95,31
5,1896,8.65,7.75,6.1,3.175,1.95,31
5,1979,7.575,6.75,5,3.5,2.9,30
5,1927,9.2,7.5,5.25,4.15,3.35,31
5,1994,9.5,8.75,6.75,5,3.5,31
5,1988,10.25,7.375,6,4.25,2.75,31
5,1889,11.95,10.275,8.05,5.675,3.9,31
5,1982,8.75,6.75,4.5,3,0.75,31
5,1938,13.6,12.1,6.65,3.625,2.5,31
5,1917,9.2,8.175,6.1,4.275,3.35,31
5,1922,11.95,7.25,4.45,1.825,1.4,31
5,1934,11.65,10,8.05,5.425,4.45,31
5,1991,10.25,9.25,7,4.75,3.25,31
5,1965,8.9,6.525,4.75,2.225,-0.55,31
5,1997,10,9.75,5.5,3.875,3,31
5,1919,7.5,6.825,5.3,2.5,0.8,31
5,1904,8.85,7.475,5,2.5,0.6,31
5,1948,16.4,13.325,6.4,3.35,2.25,31
5,1989,9.75,8.75,6.5,3.625,2.25,31
5,1993,15.25,13.5,11,6.5,3.75,31
5,1999,6.5,4.875,3.5,2.5,-0.5,31
5,1893,10.25,9.3,6.95,4.45,3.6,31
5,1937,10,8.05,6.1,4.725,3.6,31
5,1981,10.75,10,7.75,5.5,4.5,31
5,1891,11.95,10.8,7.8,3.775,1.65,31
5,1966,11.1,7.375,5.25,2.775,0.85,31
5,1945,13.6,9.3,6.1,4.025,2.5,31
5,2001,11.25,7.625,4,2.375,1,31
5,1977,8.9,8.05,6.1,4.7,2.8,31
5,1953,10.85,9.45,8.6,5.425,3.05,31
5,2004,9,6.875,6,4,2.25,31
5,1909,9.7,7.1,4.45,2.25,0.85,31
5,1907,10,9.45,7.2,6.1,3.9,31
5,1910,10,8.475,6.65,4.875,2.8,31
5,1963,10.8,8.1,4.75,2.475,-0.55,31
5,1960,5,4.45,3.85,2.925,1.65,31
5,1995,11.5,8.375,7.25,5,4,31
5,1973,10.55,8.175,5.3,2.65,1.35,31
5,1926,9.7,7.8,5.85,4.325,3.85,31
5,1918,7.5,6.8,3.65,2.1,1.7,31
5,1914,9.7,7.775,6.1,4.45,3.35,31
5,1894,13.9,11.525,7.2,1.675,0.25,31
5,1996,7.1,6.5,5,4.25,3.5,17
5,1936,13.955,12.9875,7.775,6.1,4.635,30
5,1978,11.95,7.65,6.7,5,3.05,31
5,1952,10.605,8.525,7.375,5,-0.94,30
5,1902,10,8.625,7.75,5,3.9,31
5,2005,14.5,10.375,8.25,6.125,5,31
5,1913,9.2,7.925,6.7,3.325,1.4,31
5,1967,7.8,5.975,4.7,2.625,1.95,31
5,1957,11.4,10,9.15,7.625,6.7,31
5,1969,11.95,9.725,7.2,5.4,4.45,31
5,1961,12.75,11.825,7.5,4.45,2.8,31
5,1903,11.65,8.875,6.1,4.45,3.9,31
5,1958,14.2,12.5,8.9,5.55,4.45,31
5,1974,5.85,5.125,3.6,2.5,1.4,31
5,1908,8.05,6.8,5.55,4.575,3.35,31
5,1972,11.95,8.725,5.3,3.9,3.35,31
5,1959,10.3,7.525,5,2.525,-0.55,31
5,1920,6.1,5,3.9,1.95,1.4,31
5,1986,12.325,7.8125,3.125,1.375,-0.25,30
5,2010,9.275,8,6.25,1.75,-0.0749999,30
5,1980,11,8.75,7.25,6.5,4.5,31
5,1983,18.25,9.75,7,5.5,2.75,31
5,1939,11.1,7.9,6.1,2.625,0.25,31
5,1899,8.3,6.1,4.45,2.9,-1.15,31
5,1901,12.75,8.9,6.65,4.725,2.8,31
6,2002,15.775,14.1875,10.75,8.0625,7.225,30
6,1917,11.98,10.4125,8.475,6.9,5,30
6,1922,14.73,12.8375,10.975,8.4125,6.895,30
6,1966,10.355,9.6375,8.325,5.3,4.425,30
6,1930,11.75,9.75,8.475,6.7625,5.3,30
6,2011,10.825,10.5,9.125,7.5625,6.725,30
6,1991,12.5,11.75,10.125,6.75,5.675,30
6,1889,14.53,12.8375,9.725,7.4125,5.295,30
6,1998,13.3,12.5,10.125,8.25,7.25,30
6,2008,14.9,12.5,7.25,4.5,3.9,17
6,1976,11.86,10.8125,8.625,7.0625,4.275,24
6,1903,17.305,16.4125,12.225,9.5875,7.75,30
6,1968,10.355,9.6125,8.325,6.4,4.75,30
6,1924,12.17,11.0375,9.575,7.5,6.075,30
6,1943,12.81,9.8625,8.35,7.3125,5.55,30
6,1970,15.905,13.8875,12.075,10.25,6.79,30
6,1919,12.275,8.8,7.35,6.4,5.79,30
6,1954,11.315,10,8.175,6.95,5.65,30
6,2006,15.6,12.5,11,8.75,7.25,30
6,1932,14.45,13.6,12.35,10.9125,6.5,30
6,1965,12.88,10.225,8.75,6.525,5.52,30
6,1927,14.18,12.4375,10.425,9.15,8.29,30
6,1888,15.28,14.675,11.525,9.875,9.39,30
6,1911,12.3,10.4875,9.15,5.8125,4.45,30
6,2004,17.05,15.25,11.5,10,7.45,30
6,1918,13.47,11.625,9.7,7.8875,6.315,30
6,1988,13.775,11.8125,9.125,7.625,6.425,30
6,1994,13.8,11.875,9.5,8.25,6.95,30
6,1914,14.48,13.275,10.15,7.5,6.585,30
6,1926,14.065,11.3875,9.425,7.5,5.14,30
6,1910,11.13,9.0875,7.925,6.5375,5.765,30
6,1936,10,10,10,10,10,1
6,1892,16.175,15,12.225,8.5,6.695,28
6,1916,14.45,12.9875,11.125,7.225,5.44,30
6,1978,16.9,14.125,12.925,10.925,9.975,30
6,1985,13.025,11.5,9.25,6.5,5.15,30
6,1984,12.525,11.6875,8.25,6.8125,5.75,30
6,1902,13.4,11.7875,7.8,5.6875,4.945,30
6,1921,13.05,11.3375,9.85,8.1875,7.47,30
6,1967,14.15,11.95,11,8.775,6.34,30
6,1913,13.205,12.3625,11.125,9.8125,7.17,30
6,1979,13.275,10,8.75,7.3125,6.225,30
6,1957,12.525,10.2875,8.475,6.3125,5.525,30
6,1992,17.6,15.6875,13.75,10.625,9.1,30
6,1904,12.755,10.975,10,6.1,4.395,30
6,1983,12.8,11.375,9.375,8.125,6.975,30
6,2005,13.25,11.1875,10,8.8125,7.45,30
6,1969,17.88,16.2375,13.05,10.9125,10,30
6,1958,16.385,14.9375,13.75,11.725,10.495,30
6,1941,15.08,13.5375,10.7,8.225,7.47,30
6,1974,12.835,11.0375,9.15,6.65,4.42,30
6,1920,11.675,9.3125,7.375,6.1125,4.745,30
6,1990,12.85,10.25,9.125,7.8125,6.175,30
6,1905,13.305,11.1375,10,7.925,6.65,30
6,1959,11.98,10.8375,8.775,7.0125,5.765,30
6,1931,9.7,8.275,6.675,5.075,4.45,30
6,1942,16.595,13.7625,8.6,4.6625,3.845,30
6,2001,11.5,10.3125,8,6.5,5.25,30
6,1934,12.23,11.325,8.65,7.0125,5.27,30
6,1894,15.35,13.4625,10.3,7.9625,7.11,30
6,1996,10.55,10.1875,8.875,7.25,5.725,30
6,1948,17.275,16.7,15.975,12.9375,11.1,30
6,1963,13.08,10.55,7.8,6.95,5.74,30
6,2007,16.25,11,10,9.25,7.25,21
6,1953,11.725,10.5875,9.025,7.075,5.825,30
6,1977,13.955,12.55,10.575,8.5875,7.74,30
6,1975,11.155,9.45,8.175,6.425,5.225,30
6,1972,13.185,10.475,9.025,7.5625,6.34,30
6,1956,10.88,9.7375,7.775,5.8125,4.45,30
6,1986,12.55,11.6875,9.5,8.5625,7.225,30
6,1928,15.93,14.125,11.5,7.9375,5.55,30
6,1944,15.55,13.7625,11.25,9.525,8.87,30
6,1964,11.65,10.2875,9.175,7.8625,6.07,30
6,1947,11.51,10.1875,8.05,6.65,5.99,30
6,1907,16.09,14.475,9.15,7.2,6.1,22
6,1901,11.815,10,8.325,6.65,5,30
6,1899,10.055,9.45,8.875,7.7625,6.045,30
6,1890,13.655,11.075,9.3,8.675,7.475,30
6,1999,13.525,10.625,8.125,7.3125,4.725,30
6,1945,9.83,8.8375,8.2,6.1125,3.735,30
6,2010,13,11.6875,9.875,7.4375,5.75,28
6,1933,9.775,9.45,8.325,6.7625,5.965,30
6,1938,14.87,13.8875,12.075,9.65,6.4,30
6,1961,16.155,15.25,12.225,8.9625,7.5,30
6,1908,13.105,12.2375,10.25,9.1625,7.795,30
6,1952,12.525,10.1875,8.75,7.3125,6.075,30
6,1939,12.44,11.075,9.425,7.7,6.4,30
6,1995,13.6,12,11,9,6.95,29
6,1973,13.71,10.4125,8.475,6.2375,5.495,30
6,1960,12.5,10.4875,7.925,5.7625,4.42,30
6,1982,16.325,14.75,13.5,11.1875,7.325,30
6,1993,12.525,11.8125,9.625,7.8125,5.975,30
6,1909,12.58,11.325,8.875,6.2375,4.72,30
6,1929,12.825,11.85,9.45,8.05,6.61,30
6,1906,13.855,10.825,8.3,7.2,6.1,30
6,1937,15.885,14.5625,13.05,11.7625,9.94,30
6,1955,13.655,11.95,7.925,6.1125,4.89,30
6,1989,14.5,12.625,10,7.25,5.25,30
6,1893,12.285,8.8,7.375,6.7,6.375,30
6,1997,12.275,10.6875,9.125,7.875,7,30
6,1940,12.8,11.5875,9.45,6.725,6.32,30
6,1897,18.88,17.1625,10.4,9.7,8.56,30
6,1912,17.85,14.375,10.975,7.7625,5.71,30
6,1987,16.125,14.1875,11.25,9.5,8.175,30
6,1898,17.55,15.55,11.65,9.75,8.99,29
6,1971,11.355,10.8375,9.05,7.5,5.82,30
6,1895,14.18,12.425,10.25,7.8625,6.755,30
6,1891,11.355,9.75,8.725,7.825,5.57,30
6,1915,13.13,11.2875,10,8.65,6.925,30
6,1946,10.575,9.45,7.75,5.95,5.27,30
6,1923,14.45,14.15,13.05,9.5375,8.05,30
6,2009,13.75,11.75,10,8.25,7.2,27
6,1962,12.91,11.0375,8.75,6.425,4.115,30
6,1935,11.13,9.4,7.75,5.85,4.975,30
6,1900,15.575,14.85,12.25,9,7.145,30
6,2003,13.55,12.6875,10.25,8.625,6.425,30
6,1980,14,11.8125,10.375,9.0625,7.95,30
6,1896,15.68,12.6875,8.05,6.7625,6.12,30
6,1981,10.775,8.6875,6.75,5.3125,4.75,30
6,1925,15.55,11.5875,10,8.7125,7.19,30
6,2000,13.1,10.1875,8.25,7.5,6.7,30
7,1922,14.45,13.625,12.5,10,9.2,31
7,1957,12.8,11.675,10,8.35,6.65,31
7,1974,14.15,12.2,9.75,8.05,7.25,31
7,1971,18.9,17.9,13.85,8.9,7.25,31
7,1913,16.1,13.6,10.25,7.925,6.65,31
7,1938,19.15,18.05,15.6,12.2,7.75,31
7,1895,18.6,14.725,12.5,10,8.65,31
7,2002,17.75,15.5,12.25,8.75,6.225,30
7,2004,16.75,16,13.5,11.5,9.9,29
7,2001,15.5,13.25,12,10.375,9.25,31
7,1969,14.75,12.8,11.15,8.65,6.95,31
7,1946,15.55,12.35,11.35,8.75,8.05,31
7,1910,14.15,13.6,11.4,9.025,8.05,31
7,1923,15.25,14.7,13.35,11.225,9.45,31
7,1982,17,14.125,12.25,9.875,8.75,31
7,1915,15,14.45,12.5,10.275,8.6,31
7,1926,18.6,15.825,13.05,10,8.9,31
7,1966,13.9,13.325,11.9,10.25,8.6,31
7,1968,16.7,15.15,12.25,9.425,8.6,31
7,1891,17.2,15.975,13.05,10.95,8.9,31
7,1903,13.85,12.775,11.1,10,9.45,31
7,1906,19.45,18.075,15.55,12.75,12.25,31
7,1918,17.75,15.15,13.3,10.975,8.9,31
7,2007,19.05,16,15,12.5,11.75,17
7,1948,16.1,14.6,12.75,11.95,10,31
7,2008,10.5,10.5,10.5,10.5,10.5,1
7,1917,14.4,13.05,11.1,8.6,7.2,31
7,1981,15.25,14.625,13.5,11.75,10,31
7,1963,14.45,12.65,10.25,8.9,8.05,31
7,1901,13.35,12.75,11.65,9.725,8.85,31
7,1992,16,15.125,13.5,11.5,10.75,31
7,1892,17.25,12.2,10,7.775,6.4,31
7,1905,17.25,16.375,13.85,10,9.45,31
7,1899,16.7,15.275,13.3,11.425,10.55,31
7,1986,13.75,12.375,11.25,9.5,7.5,31
7,1942,18.35,15.95,13.05,11.825,10.55,31
7,1961,17.5,15.7,13.85,11.675,10.25,31
7,1908,17.5,15.425,13.35,11.1,10.8,31
7,1945,17.8,16.1,14.45,10.975,8.9,31
7,1931,16.7,16.25,13.35,8.9,8.05,31
7,1994,18.25,16.375,14,11,8.75,31
7,1970,16.15,14.6,11.95,9.85,8.3,31
7,1933,14.2,12.9,10.85,9.45,8.6,31
7,2011,12.65,11.625,10.5,9.4375,7.275,28
7,1911,16.1,13.35,11.65,9.45,7.5,31
7,1928,16.7,15.55,12.8,11.8,10.6,31
7,1998,18.25,16.25,14.75,12.875,11,31
7,1896,17.525,16.875,15.275,13.4125,12.44,30
7,1912,13.9,12.9,11.65,10.275,9.15,31
7,1988,15,13.375,11.25,8.75,7.25,31
7,1997,16.25,13.75,12,10.25,9.25,31
7,1972,13.35,12.5,11.1,10.275,9.15,31
7,1964,13.6,12.9,10.8,9.325,8.35,31
7,2010,17,15.6875,13.5,11.125,9.15,30
7,1941,19.7,15.275,12.75,11.825,9.45,31
7,1959,16.65,15.3,13.05,9.175,7.25,31
7,1888,16.65,15,12.5,8.925,7.5,31
7,1947,15.25,14.575,13.3,11.8,10.8,31
7,2006,19,16.875,13.5,10.375,9.5,31
7,1960,17.25,16.275,14.7,12.1,9.2,31
7,1989,15.5,14.5,12,10.25,8.5,31
7,1973,16.4,14.325,11.95,9.875,8.35,31
7,1890,16.4,14.45,10.8,9.125,8.35,31
7,1936,15.85,14.45,13.05,11.8,9.75,31
7,1962,16.4,15.825,11.95,9.45,8.85,31
7,1995,15,12.625,11.5,10,9,31
7,1907,16.95,15.525,14.2,13.6,12.2,31
7,1976,14.7,14.15,13.3,12.075,10.3,31
7,1979,19.5,17,13.75,11.875,9,31
7,1893,15.25,13.75,12.5,11.1,9.45,31
7,1978,17.25,16.15,14.75,14,13.05,31
7,1940,14.75,12.925,11.15,10.3,8.35,31
7,1900,17.2,14.725,13.35,11.25,10.55,31
7,2000,15.75,15,12.25,10.25,9.5,31
7,1889,17.2,16.225,14.75,13.5,11.1,31
7,1929,13.85,12.65,10.55,8.75,7.5,31
7,1944,16.95,15.275,12.75,10.7,9.45,31
7,1919,14.15,13.475,12.25,10.975,8.85,31
7,1977,16.1,14.575,11.95,10.125,8.65,31
7,1953,16.1,13.2,10.55,8.875,7.5,31
7,1927,15.3,14.45,12.5,10.85,9.75,31
7,1952,16.4,14.325,12.25,9.45,8.85,31
7,1975,18.6,16.4,13.9,10.55,8.9,31
7,2003,16.5,15.5,13.25,11.375,9.75,31
7,1925,15,13.475,12.5,11.375,10.25,31
7,2009,19.325,17.25,14.75,12.5,10.35,28
7,1935,18.3,15.55,10.55,9.15,7.8,31
7,1898,16.685,15.525,12.2,11.425,9.485,14
7,1934,15.55,12.375,11.35,9.025,7.5,31
7,1983,14.5,13,11.75,10.125,8.75,31
7,1914,14.2,13.05,11.95,8.9,7.5,31
7,1930,15.8,15,11.4,9.725,7.5,31
7,1967,15,13.475,11.65,9.575,8.05,31
7,1909,14.45,14.025,12.25,10.3,6.95,31
7,1991,14,12.875,11.5,9.75,9.25,31
7,1965,16.95,15.55,13.05,11.275,9.7,31
7,1980,13.75,12.75,11,9.5,9,31
7,1956,17.5,14.725,11.65,10.8,8.9,31
7,1916,12.5,11.675,9.75,8.475,7.25,31
7,1932,11.65,11.1,10,8.9,8.35,31
7,1897,14.75,12.2,11.1,9.575,8.6,31
7,1904,16.15,15,12.8,8.3,6.65,31
7,1985,18,16.75,14,12.875,11.75,31
7,1924,16.4,14.6,12.5,10.125,8.35,31
7,1999,14.275,13.0625,10.375,9.125,8.5,30
7,1993,12,11.25,10.5,9.625,9,31
7,1984,16.75,15,11.75,10.125,8.5,31
7,1987,14.75,14.125,12.5,10.5,8.5,31
7,1921,13.9,13.6,12.5,9.05,8.3,31
7,2005,13.25,12,11,9.5,8.5,31
7,1990,17.5,16,13.5,11.25,9.25,31
7,1920,16.1,15.55,14.15,10.975,9.15,31
7,1955,15.85,14.725,10.55,8.9,8.6,31
7,1943,15.6,14.4,12.2,10.275,5.85,31
7,1958,17.5,16.4,14.75,13.75,11.65,31
7,1954,14.15,11.825,10,8.9,7.8,31
7,1894,17.2,16.275,13.85,12.1,10.85,31
7,1937,18.05,16.25,13.65,12.5,11.65,31
7,1902,15.6,13.3,11.65,9.175,7.8,31
7,1996,15.75,14.75,11.5,9.75,8.25,31
7,1939,19.15,15.55,10.8,9.3,8.65,31
8,1985,13.75,12.75,11.25,9.125,8.25,31
8,1899,13.35,12.525,11.15,7.75,6.65,31
8,1901,16.7,15,13.35,11.95,10.55,31
8,1908,14.45,13.625,11.4,10.55,10,31
8,1961,18.05,16.1,13.6,12.5,10.85,31
8,2010,6.5,6.5,6.5,6.5,6.5,1
8,1973,16.4,14.975,10.85,7.5,4.2,31
8,1995,12,10.375,9,8,7.5,31
8,1960,16.4,14,8.6,6.65,5.55,31
8,1952,15.85,15.125,10.6,8.6,7.2,31
8,1909,13.05,10.55,8.6,6.5,5.25,31
8,1980,13.25,11.25,9.25,8.25,6.5,31
8,1939,18.35,16.15,13.6,12.075,11.15,31
8,1992,17,15.125,12,8.875,6.25,31
8,1890,14.75,13.85,12.25,10,8.9,31
8,1947,13.6,12.075,9.75,8.75,5,31
8,1978,17.305,13.9875,11.275,10.55,9.67,30
8,1936,15.8,14.7,12.8,10.675,10,31
8,1914,13.9,13.05,11.35,9.025,7.5,31
8,2005,14.5,13.75,11.75,10.375,8.5,31
8,1967,17.5,16,15,12.075,10.25,31
8,1902,13.9,13.025,11.65,9.15,7.2,31
8,1974,16.15,13.625,11.1,9.875,8.35,31
8,1969,13.3,11.7,11.1,8.75,6.65,31
8,1959,10.25,9.45,8.3,7.1,5.3,31
8,1948,14.45,13.05,11.4,9.575,8.3,31
8,1934,13.05,12.075,11.15,9.45,7.8,31
8,1977,16.4,15.6,13.9,10.85,8.85,31
8,1953,15,14.025,10.85,8.75,7.8,31
8,1907,12.25,10.125,8.9,7.225,6.4,31
8,1928,13.9,12.5,11.1,9,7.75,31
8,1964,11.7,10.575,9.15,8.35,6.4,31
8,1945,13.85,11.375,9.45,5.85,4.75,31
8,1933,14.45,13.35,11.4,10.15,8.65,31
8,1905,15.3,13.6,9.45,7.75,6.1,31
8,1942,15.8,15,11.95,8.475,6.65,31
8,2007,13.95,12.25,10.25,8.875,7.75,23
8,1927,16.1,14.575,13.6,11.525,8.9,31
8,1988,15.25,13.25,10.75,9.375,8.5,31
8,1916,14.75,14.325,11.4,9.3,6.95,31
8,1979,17,16,14.25,13,11,31
8,1917,14.15,12.8,10.55,9,8.05,31
8,1922,14.45,13.35,12.75,11.1,9.45,31
8,1889,16.1,15.1375,10.825,7.725,6.335,28
8,1946,13.35,12.225,10.55,9.725,8.85,31
8,1895,16.4,13.75,12.25,11.15,10,31
8,1971,17.5,16.1,14.15,10,9.15,31
8,1898,19.45,18.6,16.95,15.15,9.45,31
8,1912,14.45,12.75,10.85,8.05,5,31
8,1897,20.85,18.75,16.95,13.325,10,31
8,1915,15.85,15.425,13.9,12.625,11.1,31
8,1923,16.1,14.025,12.75,11.1,9.2,31
8,1998,15.5,14.75,13.25,10.875,9.75,31
8,1925,13.6,13.225,10.8,8.5,5.3,31
8,2003,15.5,13.625,12.25,10,9.25,31
8,1962,13.35,11.95,9.7,8.325,6.95,31
8,1932,16.4,15.55,12.75,9.45,7.2,31
8,1954,11.95,11.125,10,9.175,8.6,31
8,1943,12.2,11.075,10.25,7.8,6.7,31
8,1918,12.8,11.925,10.6,8.5,7.25,31
8,2004,18,16.5,12,8.75,7.25,31
8,1987,13.75,12.125,10,8.625,7.25,31
8,1935,13.05,11.95,10.55,7.75,6.1,31
8,2009,15.25,15.25,15.25,15.25,15.25,1
8,1900,13.35,12.225,10.55,8.875,7.2,31
8,2008,17.8,15.375,11.75,8.375,5.9,27
8,1968,13.9,11.675,10,7.9,6.35,31
8,1941,15,13.175,10.8,7.5,6.4,31
8,1924,14.15,13.35,11.1,9.025,6.95,31
8,1976,15,13.45,11.35,9.175,8.05,31
8,1930,17.75,16.375,12.8,11.1,10.3,31
8,2000,15,13.375,10.5,8,7,31
8,2002,16.5,14.625,10.75,8.125,7.25,31
8,1944,11.4,11.1,10,8.65,8.05,31
8,1956,15.85,14.6,11.4,10,5.85,31
8,1931,14.45,14.025,13.05,10.975,10,31
8,1990,19.25,16.875,14,10.75,8,31
8,2006,13.75,13,11.5,9.875,8,31
8,1940,13.05,12.075,10.55,8.35,6.65,31
8,1906,15,13.625,11.7,8.875,7.2,31
8,1937,12.8,11.65,10.25,9.7,8.9,31
8,1981,19.75,17.375,16,13.25,8.25,31
8,1929,13.9,13.35,11.7,9.15,8.05,31
8,1966,15.55,14.15,10.8,8.475,7.5,31
8,1903,14.45,12.25,10,8.75,7.2,31
8,1919,13.05,12.5,11.65,9.75,8.35,31
8,1991,17.55,15.4375,12.375,10.5625,8.25,30
8,1891,15.8,14.6,13.6,12.05,11.35,31
8,1997,17.75,14.5,12.5,10,8,31
8,1893,16.95,16.125,14.4,11.775,9.2,31
8,1989,17.25,13.875,10.75,9.75,9.25,31
8,1896,16.4,15.55,14.15,12.375,11.4,31
8,1975,12.5,10.575,9.2,7.5,7.25,31
8,1938,14.15,11.925,8.05,7.2,6.4,31
8,1982,12.85,11.5,9.75,8.875,7.725,24
8,1994,16.75,14.5,12.75,10.625,9.25,31
8,1955,13.05,12.2,9.7,8.725,7.5,31
8,1972,15.25,14.025,11.65,10.275,7.5,31
8,1986,16.25,14.75,13,11.75,9.75,31
8,1996,16.75,15.25,13,8.625,7.5,31
8,1894,17.2,16.525,14.15,13.075,12.2,31
8,1963,16.65,14.875,12.25,10.675,8.9,31
8,2001,18,14.5,11.5,10.25,9,31
8,1920,15.55,13.65,12.5,8.75,6.65,31
8,1984,16.25,14.25,12,9.75,6.25,31
8,1921,13.6,11.65,9.7,8.35,7.2,31
8,1983,15.75,13.375,12.25,11.125,9.5,31
8,1888,18.3,16.4,14.75,12.775,11.4,31
8,1911,11.7,11.125,9.75,9.425,8.3,31
8,1970,15.55,15,12.5,10.3,7.8,31
8,1892,15,13.75,11.7,9.575,8.65,31
8,1910,14.45,11.825,10,7.375,5,31
8,1926,13.35,12.65,11.65,10,9.15,31
8,1957,11.95,10.725,9.75,8.625,6.95,31
8,1913,13.9,12.65,11.1,9.05,6.4,31
8,1958,16.35,14.425,12.75,10,8.9,31
8,1904,16.7,16.125,13.3,11.1,7.2,31
8,1999,16.75,14.875,12.25,9.875,8.75,31
8,1993,15.5,14.25,11.25,9.25,8.5,31
8,1965,16.95,15.7,13.3,10.4,7.8,31
9,1888,15.35,14.675,11.15,8.9625,6.67,30
9,1911,11.1,8.9,6.125,3.975,1.865,30
9,1904,13.35,11.9625,9.725,6.1,5.385,30
9,1971,8.93,7.6875,6.225,3.6,2.12,30
9,1915,10.195,8.05,7.1,5.6125,4.085,30
9,1999,12.5,10.375,7.875,3.4375,1.85,30
9,1995,14.525,13.1875,11.875,7.9375,5.975,30
9,1987,14.275,12.9375,10.375,7.9375,5.225,30
9,1901,9.56,8.8875,7.2,5,3.125,30
9,1923,11.68,10.0875,7.625,5.875,3.32,30
9,1993,13.275,12.8125,8.125,5.9375,4.425,30
9,1929,13.375,11.5125,9.025,5.7625,2.965,30
9,1981,17.55,12.5625,8,4.75,4.25,30
9,1990,13.55,13,10.375,7.5625,6.7,30
9,1924,12.005,11.1,7.65,4.45,2.5,30
9,1985,8.55,7.5,5.75,4,2.45,29
9,1998,11.825,9.6875,7.75,6.625,6.225,30
9,1962,13.375,11.9375,10.45,8.8125,5.8,30
9,1925,11.43,8.0125,6.675,2.3125,0.79,30
9,2006,15.325,12.25,10,5.0625,3.975,30
9,2003,13.35,10.375,6.625,4.0625,2.95,30
9,1937,13.625,12.2375,9.85,5.2625,4.125,30
9,1992,10.275,7.5,5.125,2.125,0.95,30
9,1932,8.35,7.8,6.95,6.4625,5,30
9,1954,10.88,9.15,8.175,5.6875,2.145,30
9,1943,12.255,10.55,8.35,5.8125,4.42,30
9,1959,11.565,8.3375,5.975,3.9625,2.44,30
9,2004,8.1,7.75,6.75,5.3125,3.25,30
9,1970,10.915,8.6875,5.4,1.9,0.55,30
9,1918,11.65,11.2875,9.875,8.4125,7.97,30
9,1892,17.275,16.0375,9.875,3.875,2.5,30
9,1936,9.775,8.1375,4.6,3.6,0.8,30
9,1969,13.22,7.8,5.55,4.7,3.325,30
9,1988,16.2,12.125,7.5,4.125,2.8,23
9,1930,13.655,8.525,5.425,4.4125,3.475,30
9,1976,12.825,12.2,10.3,8.9,6.945,30
9,2002,9.6,7.4375,6.25,4.8125,2.5,30
9,1926,7.94,6.6875,4.575,1.7875,-1.51,30
9,1947,13.33,12.2,9.725,5.1375,2.94,30
9,1914,10.3,9.0125,6.375,4.2625,2.695,30
9,1910,10.635,8.575,5.4,3.35,0.8,30
9,1960,11.27,8.4625,6.1,5.325,3.55,30
9,2007,11.925,9.0625,6.375,4.75,3.4,24
9,1913,9.155,8.525,7.075,4.7125,3.575,30
9,1890,11.455,10.1875,8.45,5.425,3.22,30
9,1967,14.375,12.2375,10,8.9625,5.765,30
9,1957,12.005,11.5875,10.425,7.0875,3.6,30
9,1974,13.105,12.2375,10,6.3125,4.1,30
9,1972,10.03,8.0375,3.775,0.325,-3.66,30
9,1958,12.61,8.5,6.125,3.6125,2.01,30
9,2005,9.025,7.5,6,4.625,3,30
9,1966,12.825,12.1375,9.45,7.7625,5.965,30
9,2008,13.025,11.5625,7.25,6.5,4.575,30
9,1902,10.555,8.85,6.925,3.35,2.19,30
9,2009,15,13.1875,8.75,6.9375,3.5,28
9,1900,11.655,10.55,8.325,5.1375,2.645,30
9,1905,10.66,10,6.675,4.45,2.645,30
9,1963,14.8,12.975,10.825,7.8,6.285,30
9,1908,10.735,9.45,7.9,5.55,-0.11,30
9,1980,11.375,9.9375,7.625,6.25,5.225,30
9,1991,13.5,11.75,9.375,6.5625,5,30
9,1942,11.975,10.9625,9.15,6.3125,4.835,30
9,1907,11.15,9.4375,7.775,4.2375,1.95,30
9,2010,10,8.125,6.25,5.425,4.5,27
9,1919,11.355,10.4875,8.325,6.4875,2.36,30
9,1893,13.165,12.2,9.45,6.4,3.02,30
9,1986,9.8,7.9375,5.5,3.8125,2.95,30
9,1968,9.885,8.6625,6.4,4.225,2.47,30
9,1928,12.53,9.9375,7.925,5.3375,3.49,30
9,1983,9.825,8.75,5,2.375,0.45,30
9,1964,8.375,7.175,5,3.475,2.74,30
9,1896,12.53,11.4,8.35,5.85,4.945,30
9,1953,13.375,10.775,6.65,3.8625,2.22,30
9,1994,12.825,11.25,9.375,6.625,5,30
9,1938,13.625,10.475,7.925,7.0875,6.6,30
9,1982,13.8,12.375,9.75,6.3125,4.225,30
9,1897,11.49,9.9375,8.35,7.3125,5.74,30
9,1939,10.31,7.075,4.6,3.35,2.8,30
9,2000,12.5,9.1875,7.875,4.5,2.7,30
9,1977,9.505,8.3,6.8,5.4,4.125,30
9,2001,13.325,12.1875,7.625,5.3125,4.975,30
9,1955,12.615,10.825,6.8,3.675,2.22,30
9,1996,10.35,8.625,6.25,3.8125,1.45,30
9,1920,10.58,7.975,5,3.9,3.28,30
9,1894,11.975,10.4875,5.55,3.675,2.19,30
9,1933,8.245,6.325,4.575,2.7625,1.075,30
9,1945,9.56,6.8875,5,3.05,2.2,30
9,1975,12.755,11.0375,9.45,7.6375,7.22,30
9,1891,12.455,11.3625,7.35,3.5125,0.935,28
9,1989,12.275,11.4375,9.5,6.5625,4.4,30
9,1898,15.025,13.3875,9.3,6.375,0.55,30
9,1997,13.05,11.4375,9.5,6.25,3.725,30
9,2011,13.2,11.9375,9.875,6.625,4.725,30
9,1952,14.11,11.6625,9.175,7.0625,5.65,28
9,1956,11.755,11.0375,7.225,3.425,2.415,30
9,1927,10.875,10.15,7.075,5.075,3.46,30
9,1944,12.03,10.7,5,3.6,2.77,30
9,1921,8.38,7.0375,4.6,2.8625,1.7,30
9,1961,9.73,7.9875,5,2.0875,-0.255,30
9,1899,13.305,11.5125,9.725,7.7625,6.65,30
9,1916,10.55,9.25,6.925,3.4125,1.875,30
9,1895,7.56,5.55,4.175,2.0125,1.035,30
9,1917,10.305,8.85,6.65,4.1625,2.25,30
9,1931,9.45,8.7875,6.225,4.75,4.395,30
9,1941,5.805,5.225,4.3,2.6375,1.67,30
9,1965,9.04,7.725,5.425,4.1625,2.42,30
9,1922,11.49,9.9375,7.625,5.55,3.35,30
9,1935,12.2,11.15,8.2,6.65,3.825,30
9,1889,12.3,10.4125,6.675,3.05,0.775,30
9,1909,11.7,10.3,6.375,3.7125,3.345,30
9,1934,13.415,9.2375,3.175,0,-1.23,30
9,1912,9.785,8.35,6.5,4.7,3.845,30
9,1973,13.63,9.375,6.675,5.075,2.475,30
9,1906,8.955,7.6125,5.825,4.45,3.52,30
9,1946,9.475,8.275,5.125,1.5,0,30
9,1984,9.6,7.9375,6.625,4.5,1.425,30
9,1979,13.55,11.6875,9.125,7.5,5.975,30
9,1940,12.275,10.4875,9.45,8.3125,6.585,30
9,1948,11.98,11.3,8.9,3.675,0.775,30
9,1903,7.25,6.1,4.725,2.8,1.695,30
10,1969,5.8,5.125,3.6,1.4,-1.95,31
10,2002,6.8,6,3,-1,-3.3,29
10,1963,8.65,5.85,2.8,0,-1.95,31
10,2000,5,4.625,2.5,0.75,-0.25,31
10,1972,6.65,4.325,1.65,-2.65,-6.95,31
10,1966,8.35,4.15,1.65,0.3,-2.25,31
10,1976,8.05,5.55,3.6,2.075,0.85,31
10,1930,7.2,3.325,1.95,0.15,-1.65,31
10,1937,7.25,5.825,4.15,1.8,1.4,31
10,1987,6.5,5.125,2.75,1.125,0,31
10,1981,6,4.125,2.5,0.5,-0.75,31
10,1935,12.25,7.35,3.6,-1.275,-13.05,31
10,1929,9.45,7.5,4.7,2.625,-1.1,31
10,1959,4.7,3.75,1.95,-0.425,-1.95,31
10,1900,6.4,3.35,0,-1.65,-2.8,31
10,1891,9.2,8.05,5,3.075,2.2,31
10,2011,5,4.5,1.75,-0.875,-2,31
10,1893,4.7,2.775,1.65,-0.15,-2.5,31
10,1989,7.75,5.5,3.25,0.75,-1.25,31
10,1997,3.25,2.125,0.75,-0.75,-3.25,31
10,1968,5.25,2.5,1.1,-1.125,-1.7,31
10,2008,6.75,3.5,0.25,-1,-2,31
10,1918,7.5,4.825,2.5,0.8,-0.3,31
10,1991,8.5,4,0.5,-6.375,-11.75,31
10,1951,0.190001,-1.7625,-5.15,-7.6375,-9.21,20
10,2004,9,7.375,0,-3.25,-4.75,31
10,1919,5.55,2.775,0.55,-5.575,-10,31
10,1932,5.3,3.05,1.4,-2.05,-3.3,31
10,1954,8.65,5.825,1.1,-1.25,-2.5,31
10,1943,9.45,4.025,1.1,-0.875,-2.5,31
10,1994,6.25,3.5,1.5,0.375,-0.75,31
10,1998,6.75,5,2.5,0.5,0,31
10,1925,5.85,5,1.65,-0.95,-5.3,31
10,1938,6.65,5.825,4.15,2.5,0.8,31
10,2003,10.5,5.875,3,1,-7,31
10,1982,9.25,6,3,-1.25,-4,31
10,1975,5.8,4.45,3.35,-1.25,-1.95,31
10,1962,6.95,5.8,3.35,1.675,0.8,31
10,1971,10,6.1,0.25,-3.05,-5.55,31
10,1946,1.1,0.55,-0.8,-2.65,-4.7,31
10,1895,7.75,7.225,5.85,4.2,3.3,31
10,1912,6.35,2.8,1.4,-2.8,-4.15,31
10,1897,7.5,5.425,4.7,2.75,0.55,31
10,1896,6.4,5.55,4.45,2.5,0.85,31
10,1898,4.15,3.2,1.1,0.425,-1.7,31
10,1915,5.3,4.3,2.2,0.8,-0.85,31
10,1923,10.55,7.8,5.8,0.125,-2.5,31
10,1955,5.55,3.6,0.8,-0.975,-3.35,31
10,1922,6.4,6.1,5.55,2.8,0.85,31
10,1917,7.2,5.975,1.65,-0.55,-3.3,31
10,1889,11.95,8.875,5.3,3.875,0,31
10,1927,5.8,4.575,1.95,-0.575,-2.5,31
10,1988,11.5,9.625,3.5,0.875,-1.25,31
10,1916,7.25,4.45,1.95,-1.25,-2.8,31
10,1979,11,7.25,4,0.625,-1.75,31
10,1905,2.75,1.275,0.55,-1.675,-5.55,31
10,1899,6.95,3.35,0.55,-1.375,-4.45,31
10,1942,5.3,4.175,2.5,0.95,-0.85,31
10,1901,10.55,9.45,6.65,2.8,1.1,31
10,2007,6,4.25,2,0.125,-0.25,23
10,1986,9.25,8,6.5,4.875,0.25,31
10,1928,3.9,3.075,1.4,0,-1.15,31
10,1961,7.8,3.625,-0.3,-2.8,-5.3,31
10,1964,9.45,6.675,4.45,0,-1.95,31
10,1945,7.75,6.7,2.5,-3.3,-6.35,31
10,1908,8.35,5.975,2.5,-0.25,-4.15,31
10,1933,5.55,3.05,-1.15,-5.825,-8.05,31
10,1952,10.55,8.2,6.7,3.325,1.4,31
10,1907,8.85,7.525,5.55,3.725,1.7,31
10,1977,5,3.35,1.95,0.4,-1.1,31
10,1953,9.2,7.775,5.3,2.5,0.25,31
10,1973,2.5,2.2,1.4,-0.125,-1.15,31
10,1995,4,3.125,2,0.75,-3.25,31
10,1960,7.8,6.65,4.45,0.85,-0.3,31
10,1909,5.8,3.875,1.65,0.125,-1.4,31
10,1904,6.1,5.275,4.45,2.225,1.1,31
10,1993,9.75,5.375,3.5,2.375,-0.5,31
10,1999,8,4.75,1.5,0,-1.25,31
10,1965,8.05,7.075,4.45,1.125,-1.35,31
10,1980,12,6.25,4.25,2.375,0,31
10,1939,4.45,3.75,2.2,-2.225,-5,31
10,1958,8.6,5.55,4.45,1.65,-1.1,31
10,1913,3.6,1.375,-0.55,-1.95,-2.8,31
10,1934,6.4,2.925,0,-1.925,-5,31
10,1957,5.8,3.75,2.2,-1.55,-6.35,31
10,1892,10.6,8.325,5.55,3.075,-0.55,31
10,1948,5.55,3.325,1.1,-1.675,-3.05,31
10,1947,6.65,3.6,1.1,-0.85,-1.4,31
10,1910,4.45,3.075,1.65,-1.275,-2.5,31
10,1926,7.5,5.7,3.6,1.525,0.85,31
10,1970,5.85,4.425,2.2,-0.95,-3.05,31
10,1890,6.4,4.025,2.2,0.55,-2.25,31
10,1992,7.75,3.625,2,0.875,-4.25,31
10,1914,10.25,7.65,5,3.2,1.65,31
10,1911,7.75,5.8,2.5,-1.125,-2.25,31
10,1888,13.05,6.375,1.35,-2.075,-3.35,31
10,1985,-1.25,-1.25,-1.25,-1.25,-1.25,1
10,1921,6.65,5.425,2.2,-0.125,-3.05,31
10,1984,10.75,5.875,0.5,-3.125,-16,31
10,1936,8.6,5.275,2.5,-2.225,-3.9,31
10,1902,7.75,7.225,5,1.7,0,31
10,1983,5.3,4.9375,3.5,2,0.425,30
10,1967,5.3,4.3,1.65,0,-2.5,31
10,2005,6,4.5,2.5,1.125,-0.5,31
10,1920,3.05,1.925,0.55,-2.375,-3.9,31
10,1974,8.05,5.15,3.9,1.375,0.25,31
10,2001,3.75,2.5,0.75,-1,-2,31
10,1894,5.8,3.475,1.9,-0.55,-1.1,31
10,1996,7.25,4.875,-0.5,-3,-5.5,31
10,1906,7.2,5,2.8,1.375,-1.15,31
10,1940,7.5,3.75,2.5,0.125,-1.4,31
10,2006,7,4.5,2.75,0.625,-5,31
10,1944,10.25,6.825,5.85,4.875,3.35,31
10,1931,5.25,4.7,3.05,2.075,1.15,31
10,1990,3.025,1.6875,-0.125,-1.75,-3.025,30
10,1956,6.4,2.5,-0.3,-3.725,-8.05,31
10,1941,6.65,3.75,2.5,1.25,0.25,31
10,1903,6.1,5.55,2.8,0.55,-0.55,31
10,1924,7.8,6.125,3.6,0.725,-0.8,31
11,1928,1.1,0.4875,-1.675,-3.9,-6.705,30
11,1901,3.35,1.65,0,-2.8,-4.45,30
11,1957,1.655,0.55,-2.9,-5,-5.905,30
11,1983,0.799999,-1.9375,-4.75,-7.4375,-9.95,18
11,1913,2.33,-0.5,-4.15,-6.0375,-8.385,30
11,1998,-0.450001,-1.0625,-2.25,-3.875,-6.325,30
11,1918,0.0549992,-1.175,-3.175,-4.5,-6.725,30
11,2004,1.5,-1,-3.5,-5,-6.6,29
11,1909,0.0249996,-3.125,-5.975,-10.6875,-14.18,30
11,1986,0.174997,-2.8125,-4.25,-7.0625,-11.825,30
11,1963,0.0849987,-2.575,-3.6,-5.4125,-12.635,30
11,1964,-0.775,-1.7625,-5.975,-8.2625,-10.685,30
11,1914,2.305,-0.1375,-2.775,-5.1875,-9.15,30
11,2011,-0.5,-3.25,-5.25,-8,-10.6,29
11,1939,3.9,2.3625,0.95,-0.225,-1.205,30
11,2008,1.15,0,-1.5,-4.75,-6.35,29
11,1961,-0.520001,-3.6,-8.05,-11.1,-12.06,30
11,1992,0.5,-1.0625,-3,-5.9375,-7.175,30
11,1947,0.419997,-2.3875,-4.45,-6.5875,-12.275,30
11,1960,0.0599991,-2.0875,-3.9,-7.3625,-10.255,30
11,1968,0.904999,-1.4,-2.075,-4.725,-9.365,30
11,1925,0.954998,-0.55,-2.475,-4.0125,-8.63,30
11,1897,-1.625,-4.2,-9.575,-14.7875,-18.225,30
11,1958,0.379999,-2.5625,-5.55,-11.1,-14.45,30
11,1915,-3.325,-4.45,-6.1,-7.9875,-10.605,30
11,1980,3.275,0.8125,-2,-5.4375,-8.325,30
11,1923,2.53,1.875,0.425,-3.275,-6.425,30
11,2002,2.375,1.25,-0.375,-2,-3.55,30
11,1974,0.0799988,-2.3875,-3.35,-6.325,-7.805,30
11,1898,-0.775,-2.05,-4.575,-7.975,-12.415,30
11,1972,0.875,-0.6875,-2.925,-5.775,-7.5,30
11,1987,3.25,1.25,-0.25,-3.375,-5.275,30
11,1971,0.625,-0.625,-2.775,-5.225,-8.855,30
11,1935,1.455,-1.2,-2.775,-6.9375,-9.175,30
11,2005,1.525,0.8125,-3.375,-5.5,-11.825,30
11,2006,2.1,-0.9375,-5.25,-9.8125,-19.025,30
11,1930,3.33,1.0375,-0.725,-3.2375,-7.2,30
11,1902,0.55,-0.275,-3.9,-7.2,-11.71,30
11,1895,3.305,0.7125,-1.1,-5.15,-6.215,30
11,1893,0.0499997,-1.1,-3.9,-12.2,-17.96,29
11,1912,0.604999,-0.25,-3.475,-5.9625,-6.93,30
11,1969,3.375,1.5125,-0.275,-1.7375,-4.095,30
11,1946,0.25,-1.7625,-4.275,-8.825,-15.025,30
11,1924,1.82,-0.6875,-2.625,-7.2375,-13.33,30
11,1926,3.33,1.5125,-2.5,-4.95,-7.61,30
11,1976,0.0549992,-0.625,-2.925,-5.275,-8.135,30
11,2000,-0.725,-1.3125,-3.625,-5.5,-8.25,30
11,2003,-1.925,-3.3125,-6.5,-9.3125,-12.5,30
11,1975,3.135,0.0625001,-4.3,-6.5875,-13.545,30
11,1910,0,-1.2375,-2.8,-7.125,-10,30
11,1951,0.83,-0.625,-2.1,-5.55,-9.225,30
11,1921,3.685,-0.2625,-4,-7.6125,-14.84,30
11,1945,0.58,-4.7,-9.6,-12.25,-13.71,30
11,1990,0.275,-3.0625,-5.375,-8.3125,-11.175,30
11,1888,1.385,-0.55,-2.775,-6.8875,-10.325,30
11,1941,0.255,-0.2625,-0.975,-4.0125,-8.03,30
11,1934,2.035,0.1875,-4.45,-5.775,-8.135,30
11,1981,4.525,0.6875,-1.125,-3.9375,-5.775,30
11,1890,5.11,3.3375,0.95,-2.75,-4.235,30
11,1922,2.275,0.775,-2.65,-4.675,-6.975,30
11,1962,3.075,-0.6125,-2.075,-4.9375,-7.255,30
11,2001,3.6,2.9375,-1.375,-5.1875,-8.2,30
11,1900,2.755,1.1,-1.375,-10.9625,-18.075,30
11,1919,2.525,-1.05,-7.625,-11.7375,-16.265,30
11,1989,0.824999,0.1875,-2.5,-6,-7.6,30
11,1997,0.299999,-1.125,-3.125,-4.5625,-5.625,30
11,1891,4.645,0.55,-0.425,-6.3,-12.665,30
11,2007,0.675,-0.625,-3.625,-6.5,-7.925,22
11,1948,-1.875,-3.4125,-4.575,-6.875,-7.99,30
11,1965,0.604999,-0.55,-3.175,-6.5125,-13.58,30
11,1955,-2.66001,-5.1375,-11.125,-19.5875,-25.575,30
11,1904,5,3.3375,1.65,-1.1,-3.46,30
11,1942,-1.475,-5.2,-10.7,-12.725,-14.225,30
11,1929,2.615,1.3375,-1.65,-5.6625,-8.9,30
11,1999,2.775,0.1875,-1.5,-5.4375,-6.275,30
11,1993,1,-0.5,-2.875,-6.8125,-14.1,30
11,1984,-1.425,-2.0625,-5.5,-8.625,-10.825,30
11,1966,0.139998,-1.7625,-5.7,-8.9875,-11.215,30
11,1908,6.98,5.6375,0.125,-2.625,-4.925,30
11,1907,1.105,0.3375,-1.675,-3.7625,-5.88,30
11,1970,3.43,0.55,-2.625,-13.6625,-20.085,30
11,1944,1.285,-0.725,-2.5,-4.6375,-6.155,30
11,1952,2.23,-0.325,-2.65,-5.075,-10.905,30
11,1943,2.555,0.225,-1.4,-2.4375,-3.77,30
11,1956,2.525,-0.0125,-2.65,-5.2,-6.675,30
11,1982,-2.05,-3.75,-4.75,-9.25,-13.2,30
11,1938,-0.470001,-1.275,-3.475,-6.1,-6.735,30
11,1959,0.0299995,-1.7125,-4.3,-7.75,-18.46,30
11,1933,1.1,-1.275,-2.65,-4.45,-5,30
11,1903,2.8,1.375,-3.075,-8.8875,-14.675,30
11,1911,0.575,-1.025,-4.875,-11.5875,-19.865,30
11,1932,5.025,3.55,-0.55,-2.1375,-3.105,30
11,1995,0.299999,-0.5,-2,-3.75,-6.45,30
11,1894,2.78,1.575,-2.2,-6.2875,-8.35,30
11,1905,3.955,2.2375,0.275,-3.7625,-15.275,30
11,1973,-2.77,-5.5375,-8.6,-13.6125,-15.83,30
11,1985,-2.725,-5.0625,-19.625,-23.625,-29.575,30
11,1940,-2.175,-3.05,-4.425,-10.6875,-17.15,30
11,1916,-0.750001,-3.125,-4.75,-7.2875,-10,30
11,1994,-1.95,-4.25,-5.75,-8,-10.85,30
11,1979,2.05,-1,-3,-5.9375,-6.925,30
11,1896,-2.175,-8.4,-16.95,-21.8875,-25.055,30
11,1906,0.634999,-0.7625,-3.05,-5.85,-7.805,30
11,1937,1.4,-0.075,-1.4,-8.4,-14.155,30
11,1927,-1.625,-5.55,-8.175,-12.25,-15.17,30
11,1996,-1,-2.375,-6,-10.1875,-19.7,30
11,1988,0.824999,-1.8125,-2.75,-5.8125,-8.575,30
11,1967,1.18,-0.0625,-3.325,-6.1,-7.555,30
11,1917,5.885,3.8375,2.525,0.7,-3.74,30
11,1889,3.075,1.65,-1.225,-3.525,-7.635,30
11,1892,4.18,0.0875001,-5.4,-9.6375,-17.58,30
11,1899,5,3.3375,1.95,0.55,-2.33,30
11,1953,4.53,2.425,-1.95,-3.4625,-4.255,30
11,1991,1.025,0.0625,-1.75,-4,-6.6,30
11,1977,1.215,-1.2125,-5.125,-8.5,-21.44,30
11,1954,4.155,3.0875,1.65,-0.775,-2.64,30
11,1936,4.785,1.1,-3.2,-4.9375,-6.735,30
11,1920,0.304999,-0.55,-2.1,-3.5375,-6.65,30
11,1931,0.55,-1.2,-3.9,-7.3625,-13.485,30
12,1965,-1.4,-3.575,-9.75,-15.45,-20.85,31
12,1892,-0.55,-1.95,-4.15,-6.7,-13.05,31
12,1982,-3,-4.625,-7.25,-9.625,-11.25,31
12,1906,-0.8,-3.2,-6.65,-12.8,-15.55,31
12,1938,-3.05,-3.725,-6.7,-10.425,-15.55,31
12,2001,-3.5,-7,-7.75,-11.5,-12.75,31
12,1994,1.25,-3.75,-7.5,-11.75,-17,31
12,1909,-3.1,-6.375,-11.4,-16.1,-22.5,31
12,1927,-1.95,-7.925,-11.4,-21.25,-28.6,31
12,1919,1.65,-0.275,-8.6,-15.525,-21.4,31
12,1991,0.25,-1.625,-3.25,-5.5,-7.75,31
12,1889,-2.445,-5.35,-11.225,-15.25,-17.035,30
12,1891,-3.9,-4.975,-7.5,-8.875,-13.6,31
12,1917,-2.25,-4.6,-9.15,-14.725,-23.6,31
12,1922,0.8,-1.075,-7.5,-22.225,-24.2,31
12,1989,1,-0.625,-3.25,-7.75,-10.75,31
12,1893,-5.55,-5.55,-5.55,-5.55,-5.55,1
12,1915,-1.65,-4.6,-6.95,-8.6,-14.15,31
12,1997,0,-2,-4.75,-7.125,-8.5,31
12,1948,-8.08,-9.3,-10.3,-14.3,-21.22,27
12,1923,-0.3,-2.95,-6.4,-9.725,-20,31
12,1940,-1.4,-1.95,-2.75,-5.675,-13.6,31
12,1929,-1.1,-3.9,-7.2,-14.725,-21.65,31
12,1957,-1.4,-4.3,-6.4,-8.475,-10.85,31
12,1902,-1.65,-2.5,-6.65,-12.075,-15.55,31
12,1912,-2.5,-3.475,-5.55,-8.75,-10.25,31
12,1920,-1.65,-3.325,-5.85,-7.65,-10,31
12,1903,0,-1.925,-3.35,-5.825,-7.75,31
12,1953,-2.5,-3.725,-4.75,-6.8,-7.5,31
12,1971,-6.95,-9.6,-12.5,-15.575,-24.45,31
12,1990,-3,-4.875,-9.5,-16.75,-25.75,31
12,1962,0,-0.8,-3.6,-8.05,-10.55,31
12,2006,-0.5,-1.375,-5.25,-8.125,-10,31
12,2007,-6.325,-6.9375,-8.625,-10.0625,-12.15,24
12,1977,-1.7,-10.55,-15.25,-20.7,-27.2,31
12,1980,2.5,0.25,-6.25,-15.125,-21,31
12,1936,-2.5,-4.575,-8.05,-13.475,-19.15,31
12,1988,-2.25,-3.875,-7.75,-10.25,-13.25,31
12,1983,-5.5,-7.5,-13,-19.5,-25.25,31
12,1939,1.1,0,-1.95,-4,-8.05,31
12,2003,-1.5,-3.5,-6.25,-9.625,-12.25,31
12,1921,-0.55,-3.2,-11.1,-16.65,-20.3,31
12,1959,-1.9,-2.65,-5.8,-8.175,-10,31
12,1984,-5.25,-6.625,-12.5,-19,-25,31
12,1974,-0.8,-3.05,-5,-6.65,-9.45,31
12,1930,-0.55,-2.5,-3.6,-5.975,-7.2,31
12,1976,-1.35,-2.625,-5.3,-7.35,-9.2,31
12,1943,-2.5,-3.475,-5.25,-7.35,-8.6,31
12,2002,0.25,-2.125,-6.25,-9.25,-10.5,31
12,1985,-1.25,-2,-5.5,-8.875,-13.25,31
12,1958,0,-1.95,-5.25,-8.875,-19.4,31
12,1928,-0.55,-3.2,-5.55,-7.625,-12.8,31
12,1904,0,-3.35,-3.9,-7.475,-11.1,31
12,1932,-2.25,-2.625,-4.75,-11.25,-12.5,31
12,1900,1.65,0.275,-2.2,-4.45,-9.15,31
12,2009,-8.5,-8.5,-8.5,-8.5,-8.5,1
12,2008,-3.7,-7.5,-12.5,-23.25,-26.8,29
12,1969,-2.25,-3.75,-5.55,-7.375,-8.1,31
12,1967,-2.5,-4.725,-6.9,-9.875,-18.6,31
12,1999,-1.5,-2.375,-3,-5.875,-9,31
12,2004,-21,-21,-21,-21,-21,1
12,1951,-4.7,-9.175,-12.2,-17.2,-21.7,31
12,1931,-4.45,-5.125,-6.95,-8.45,-9.7,31
12,1942,0,-3.05,-8.35,-14.3,-15.25,31
12,1918,-1.95,-2.65,-5.85,-9.725,-12.5,31
12,1913,1.95,0.7,-2.25,-8.925,-10.85,31
12,1968,-3.6,-7.9,-11.4,-18.3,-33.3,31
12,1905,-0.55,-1.525,-3.35,-6.65,-8.35,31
12,1993,-1.5,-3,-4.5,-6.5,-9.25,31
12,1954,-0.25,-1.8,-4.45,-6.525,-13.3,31
12,1888,1.1,-2.775,-4.45,-10.825,-12.5,31
12,2011,-1.5,-3.5,-5.25,-8.25,-9.9,19
12,1981,-5,-6.375,-9,-11.375,-19.25,31
12,1935,-0.25,-1.65,-4.15,-5.275,-5.85,31
12,1998,-1.75,-3.625,-6.75,-10.5,-19,31
12,1964,-4.7,-7.5,-13.6,-19.325,-24.75,31
12,1911,0.55,-2.475,-5.55,-10.275,-22.2,31
12,1987,-1.75,-3.25,-7,-8.875,-12,31
12,2000,-1.5,-3.125,-6.5,-14.875,-20.5,31
12,1947,-1.7,-4.425,-4.45,-6.925,-8.9,31
12,1925,2.25,0.975,-0.55,-5.275,-7.5,31
12,1890,1.95,-1.5,-4.2,-7.5,-9.45,31
12,1895,3.6,0.4,-7.25,-10.55,-14.45,31
12,1937,0.25,-0.125,-1.95,-15.95,-21.1,31
12,1992,-5.5,-6.75,-10,-16.25,-22.25,31
12,1924,-0.25,-3.625,-10.55,-20.125,-27.2,31
12,1946,0.85,-0.85,-6.4,-9.025,-10.85,31
12,1898,-0.85,-2.8,-5.55,-9.3,-13.9,31
12,1979,-0.25,-1.375,-4.5,-8.125,-12.25,31
12,2005,1,-1.125,-5,-10.625,-14,31
12,1970,-5,-6.4,-8.35,-13.325,-16.95,31
12,1941,-2.2,-2.775,-8.6,-15,-23.35,31
12,1897,-0.55,-1.65,-3.05,-5.55,-10,31
12,1956,-0.55,-2.225,-5,-9.3,-19.15,31
12,1972,-1.7,-4.725,-10.3,-18.025,-22.5,31
12,1933,-4.15,-6.775,-11.65,-18.175,-25.55,31
12,1926,-0.6,-3.2,-6.4,-10.825,-15,31
12,1945,-5.25,-6.225,-8.05,-10.425,-11.7,31
12,1961,-3.35,-5.975,-8.35,-12.225,-17.5,31
12,1914,-3.85,-6.1,-13.05,-15.825,-17.2,31
12,1908,-1.95,-3.9,-5.8,-8.725,-11.95,31
12,1934,-8.05,-8.625,-10.25,-12.925,-17.75,31
12,1986,-2,-3.75,-6,-8.25,-11.5,31
12,1952,-1.95,-4.175,-5.85,-7.075,-7.75,31
12,1944,-5,-5.975,-7.2,-10.725,-15.55,31
12,1907,1.1,-3.75,-6.4,-10.85,-11.95,31
12,1973,-1.35,-2.35,-5.3,-8.6,-16.1,31
12,1995,-3,-4.75,-6.5,-8.875,-15,31
12,1899,1.1,-1.225,-5,-8.025,-15.3,31
12,1960,0.25,-1.825,-5,-9.15,-12.25,31
12,1963,0.3,-2.075,-7.5,-9.85,-14.75,31
12,1901,0,-1.375,-4.45,-7.225,-8.3,31
12,1996,-5.25,-7,-9.5,-21.25,-27,31
12,1910,-0.85,-2.225,-5,-7.25,-9.45,31
12,1966,-0.25,-1.8,-4.2,-7.65,-11.15,31
12,1955,-4.75,-7.525,-11.1,-15.55,-22.25,31
12,1894,-3.35,-4.575,-7.5,-11.275,-15,31
12,1896,0.8,-0.125,-1.7,-4.425,-10,31
12,1975,1.35,-1.25,-6.65,-10.125,-14.45,31
12,1916,-4.15,-7.75,-10,-15.8,-21.1,31
